{"_step":4794,"train_loss":0.1288154423236847,"gradients":{"_type":"histogram","values":[2,0,0,0,0,0,0,0,1,0,0,1,0,0,0,0,1,0,0,0,0,0,0,0,2,0,0,0,2,0,2,5,3,6,5,20,49,64,227,925,82735,8871,588,206,102,63,30,25,11,2,2,3,1,1,0,2,2,0,0,1,0,0,0,2],"bins":[-0.17792898416519165,-0.17358724772930145,-0.16924551129341125,-0.16490378975868225,-0.16056205332279205,-0.15622031688690186,-0.15187858045101166,-0.14753684401512146,-0.14319510757923126,-0.13885337114334106,-0.13451164960861206,-0.13016991317272186,-0.12582817673683167,-0.12148644030094147,-0.11714470386505127,-0.11280297487974167,-0.10846123844385147,-0.10411950200796127,-0.09977777302265167,-0.09543603658676147,-0.09109430015087128,-0.08675257116556168,-0.08241083472967148,-0.07806909829378128,-0.07372736930847168,-0.06938563287258148,-0.06504389643669128,-0.060702160000801086,-0.056360431015491486,-0.052018702030181885,-0.04767696559429169,-0.04333522915840149,-0.03899349272251129,-0.034651756286621094,-0.030310019850730896,-0.025968283414840698,-0.021626561880111694,-0.017284825444221497,-0.012943089008331299,-0.008601352572441101,-0.004259616136550903,8.212029933929443e-05,0.004423841834068298,0.008765578269958496,0.013107314705848694,0.01744905114173889,0.02179078757762909,0.026132524013519287,0.03047424554824829,0.03481598198413849,0.039157718420028687,0.043499454855918884,0.04784119129180908,0.05218292772769928,0.05652466416358948,0.06086638569831848,0.06520812213420868,0.06954985857009888,0.07389158010482788,0.07823333144187927,0.08257505297660828,0.08691680431365967,0.09125852584838867,0.09560027718544006,0.09994199872016907]},"_timestamp":1.7678735706638646e+09,"_runtime":184,"train_accuracy":0.9375,"_wandb":{"runtime":184},"roc":{"path":"media/images/roc_4794_c8c697b8c57406b10aa9.png","format":"png","width":640,"height":480,"_type":"image-file","sha256":"c8c697b8c57406b10aa9c84c02481b2b75140672ea1bd33b3e18636cb0053da6","size":23727},"inputs":{"_type":"images/separated","width":28,"height":28,"format":"png","count":5,"filenames":["media/images/inputs_4755_2bd552ba1fb0ef6d8f8e.png","media/images/inputs_4755_5fa65f0cd88d1755274d.png","media/images/inputs_4755_33dcf335e1e18b8f9ffa.png","media/images/inputs_4755_340026c9b6a3ef484000.png","media/images/inputs_4755_cd9a520a71de34c0bf18.png"],"captions":["Input 0","Input 1","Input 2","Input 3","Input 4"]}}