{"train_accuracy":0.9375,"_timestamp":1.7678716829508018e+09,"_step":4689,"_runtime":166,"_wandb":{"runtime":166},"train_loss":0.1923854798078537}