{"train_accuracy":0.09375,"_timestamp":1.7678721797056184e+09,"_step":0,"train_loss":2.3061282634735107,"_wandb":{"runtime":4},"_runtime":4}