{"train_accuracy":0,"_timestamp":1.7678719568374395e+09,"_step":0,"train_loss":2.296687126159668,"_wandb":{"runtime":3},"_runtime":3}